<?xml version="1.0" encoding="UTF-8"?>
<project-private xmlns="http://www.netbeans.org/ns/project-private/1">
    <editor-bookmarks xmlns="http://www.netbeans.org/ns/editor-bookmarks/2" lastBookmarkId="0"/>
    <open-files xmlns="http://www.netbeans.org/ns/projectui-open-files/2">
        <group>
            <file>file:/D:/GRACE/BCA%205/J2EE/BCA/prog/jsp_insert_update/web/insert.jsp</file>
            <file>file:/D:/GRACE/BCA%205/J2EE/BCA/prog/jsp_insert_update/web/update.jsp</file>
            <file>file:/D:/GRACE/BCA%205/J2EE/BCA/prog/jsp_insert_update/web/index.html</file>
            <file>file:/D:/GRACE/BCA%205/J2EE/BCA/prog/jsp_insert_update/web/select.jsp</file>
            <file>file:/D:/GRACE/BCA%205/J2EE/BCA/prog/jsp_insert_update/web/delete.jsp</file>
        </group>
    </open-files>
</project-private>
